{"000.jpeg5126":{"filename":"000.jpeg","size":5126,"regions":[{"shape_attributes":{"name":"polygon","all_points_x":[148,156,163,170,186,186,187,189,190,189,182,176,168,161,154,152,150,147,148,149,149,149],"all_points_y":[56,55,53,53,52,58,64,68,69,74,84,87,88,84,80,78,73,71,68,65,64,61]},"region_attributes":{"name":"not_defined","type":"unknown","image_quality":{"good":true,"frontal":true,"good_illumination":true}}}],"file_attributes":{"caption":"","public_domain":"no","image_url":""}},"001.jpeg6512":{"filename":"001.jpeg","size":6512,"regions":[{"shape_attributes":{"name":"polygon","all_points_x":[122,130,146,163,187,190,194,200,192,184,172,159,157,155,145,139,136,135,138,140,138,128,124,118,115,117,120,120],"all_points_y":[58,62,64,60,51,62,72,81,88,98,110,117,116,115,102,98,99,102,109,114,113,100,92,81,66,66,64,61]},"region_attributes":{"name":"not_defined","type":"unknown","image_quality":{"good":true,"frontal":true,"good_illumination":true}}}],"file_attributes":{"caption":"","public_domain":"no","image_url":""}},"002.jpeg4059":{"filename":"002.jpeg","size":4059,"regions":[{"shape_attributes":{"name":"polygon","all_points_x":[108,111,123,127,131,136,146,159,164,166,169,175,175,178,179,174,170,168,160,149,133,120,117,112,110,107,107,107],"all_points_y":[97,86,75,69,68,70,78,84,92,93,93,89,94,104,108,110,114,124,137,142,142,137,135,129,117,112,108,98]},"region_attributes":{"name":"not_defined","type":"unknown","image_quality":{"good":true,"frontal":true,"good_illumination":true}}}],"file_attributes":{"caption":"","public_domain":"no","image_url":""}},"003.jpeg6836":{"filename":"003.jpeg","size":6836,"regions":[{"shape_attributes":{"name":"polygon","all_points_x":[140,152,168,185,185,190,194,188,169,162,150,142,138,136,137],"all_points_y":[60,66,66,67,73,83,90,95,106,108,103,96,89,76,69]},"region_attributes":{"name":"not_defined","type":"unknown","image_quality":{"good":true,"frontal":true,"good_illumination":true}}}],"file_attributes":{"caption":"","public_domain":"no","image_url":""}},"004.jpeg5277":{"filename":"004.jpeg","size":5277,"regions":[{"shape_attributes":{"name":"polygon","all_points_x":[130,142,149,158,166,175,172,172,176,178,176,168,153,138,135,129,118,116,114,119,121],"all_points_y":[64,77,79,80,83,86,92,102,114,117,119,121,126,131,130,123,112,100,91,79,75]},"region_attributes":{"name":"not_defined","type":"unknown","image_quality":{"good":true,"frontal":true,"good_illumination":true}}}],"file_attributes":{"caption":"","public_domain":"no","image_url":""}},"005.jpeg5452":{"filename":"005.jpeg","size":5452,"regions":[{"shape_attributes":{"name":"polygon","all_points_x":[108,127,140,143,147,147,144,138,133,121,115,106,96,96,105,108,108,107],"all_points_y":[82,82,80,79,90,99,113,123,128,131,132,124,110,107,106,104,94,86]},"region_attributes":{"name":"not_defined","type":"unknown","image_quality":{"good":true,"frontal":true,"good_illumination":true}}}],"file_attributes":{"caption":"","public_domain":"no","image_url":""}},"006.jpeg7578":{"filename":"006.jpeg","size":7578,"regions":[{"shape_attributes":{"name":"polygon","all_points_x":[129,150,160,170,171,169,167,158,147,137,130,122,126,129,131],"all_points_y":[63,64,63,62,64,76,86,95,97,94,87,78,78,76,70]},"region_attributes":{"name":"not_defined","type":"unknown","image_quality":{"good":true,"frontal":true,"good_illumination":true}}}],"file_attributes":{"caption":"","public_domain":"no","image_url":""}},"007.jpeg5525":{"filename":"007.jpeg","size":5525,"regions":[{"shape_attributes":{"name":"polygon","all_points_x":[118,138,146,149,157,159,160,157,148,141,132,122,114,112,114,117,117],"all_points_y":[70,73,72,74,76,76,89,100,113,118,118,112,103,97,92,82,79]},"region_attributes":{"name":"not_defined","type":"unknown","image_quality":{"good":true,"frontal":true,"good_illumination":true}}}],"file_attributes":{"caption":"","public_domain":"no","image_url":""}},"008.jpeg4739":{"filename":"008.jpeg","size":4739,"regions":[{"shape_attributes":{"name":"polygon","all_points_x":[181,186,197,204,208,211,223,237,247,253,257,257,260,270,273,270,260,246,232,213,206,197,194,194,194,187,184],"all_points_y":[102,95,88,80,73,72,74,76,74,76,82,95,104,109,118,130,145,154,156,154,150,142,137,132,126,117,110]},"region_attributes":{"name":"not_defined","type":"unknown","image_quality":{"good":true,"frontal":true,"good_illumination":true}}}],"file_attributes":{"caption":"","public_domain":"no","image_url":""}},"010.jpeg5162":{"filename":"010.jpeg","size":5162,"regions":[{"shape_attributes":{"name":"polygon","all_points_x":[54,77,98,107,124,136,138,136,128,119,108,94,82,73,58,52,54,55,54],"all_points_y":[107,104,100,100,104,106,114,135,157,168,174,176,173,166,152,142,139,125,115]},"region_attributes":{"name":"not_defined","type":"unknown","image_quality":{"good":true,"frontal":true,"good_illumination":true}}}],"file_attributes":{"caption":"","public_domain":"no","image_url":""}},"011.jpeg5568":{"filename":"011.jpeg","size":5568,"regions":[{"shape_attributes":{"name":"polygon","all_points_x":[102,114,120,127,141,148,150,151,146,138,125,115,110,104,103],"all_points_y":[62,54,50,54,54,56,67,74,81,87,90,89,86,77,69]},"region_attributes":{"name":"not_defined","type":"unknown","image_quality":{"good":true,"frontal":true,"good_illumination":true}}}],"file_attributes":{"caption":"","public_domain":"no","image_url":""}},"012.jpeg7125":{"filename":"012.jpeg","size":7125,"regions":[{"shape_attributes":{"name":"polygon","all_points_x":[182,194,213,226,236,239,234,223,215,201,191,184,178,178],"all_points_y":[100,91,86,87,95,104,121,136,144,144,137,130,121,110]},"region_attributes":{"name":"not_defined","type":"unknown","image_quality":{"good":true,"frontal":true,"good_illumination":true}}}],"file_attributes":{"caption":"","public_domain":"no","image_url":""}},"013.jpeg6412":{"filename":"013.jpeg","size":6412,"regions":[{"shape_attributes":{"name":"polygon","all_points_x":[103,115,124,132,146,163,169,172,173,173,166,150,140,122,116,105,105,103],"all_points_y":[95,93,92,87,90,86,87,98,112,124,134,144,149,145,138,128,120,108]},"region_attributes":{"name":"not_defined","type":"unknown","image_quality":{"good":true,"frontal":true,"good_illumination":true}}}],"file_attributes":{"caption":"","public_domain":"no","image_url":""}},"014.jpeg6218":{"filename":"014.jpeg","size":6218,"regions":[{"shape_attributes":{"name":"polygon","all_points_x":[78,90,105,112,115,127,129,129,125,113,103,91,82,77,76],"all_points_y":[90,82,74,70,76,82,88,102,117,129,130,125,118,105,97]},"region_attributes":{"name":"not_defined","type":"unknown","image_quality":{"good":true,"frontal":true,"good_illumination":true}}}],"file_attributes":{"caption":"","public_domain":"no","image_url":""}},"015.jpeg6614":{"filename":"015.jpeg","size":6614,"regions":[{"shape_attributes":{"name":"polygon","all_points_x":[125,150,152,138,119,114,107,98,97,105,116],"all_points_y":[61,82,124,131,139,138,136,121,97,82,70]},"region_attributes":{"name":"not_defined","type":"unknown","image_quality":{"good":true,"frontal":true,"good_illumination":true}}}],"file_attributes":{"caption":"","public_domain":"no","image_url":""}},"016.jpeg4727":{"filename":"016.jpeg","size":4727,"regions":[{"shape_attributes":{"name":"polygon","all_points_x":[130,144,160,174,186,194,193,189,179,156,142,133,124,124,128],"all_points_y":[102,92,87,84,88,97,109,127,153,157,150,144,132,117,104]},"region_attributes":{"name":"not_defined","type":"unknown","image_quality":{"good":true,"frontal":true,"good_illumination":true}}}],"file_attributes":{"caption":"","public_domain":"no","image_url":""}},"017.jpeg6786":{"filename":"017.jpeg","size":6786,"regions":[{"shape_attributes":{"name":"polygon","all_points_x":[90,113,136,160,165,171,173,141,120,100,83,84,85],"all_points_y":[97,98,95,91,104,130,138,150,154,152,134,122,112]},"region_attributes":{"name":"not_defined","type":"unknown","image_quality":{"good":true,"frontal":true,"good_illumination":true}}}],"file_attributes":{"caption":"","public_domain":"no","image_url":""}},"018.jpeg5028":{"filename":"018.jpeg","size":5028,"regions":[{"shape_attributes":{"name":"polygon","all_points_x":[152,169,186,189,185,172,162,156,151],"all_points_y":[56,52,56,75,82,89,84,75,68]},"region_attributes":{"name":"not_defined","type":"unknown","image_quality":{"good":true,"frontal":true,"good_illumination":true}}}],"file_attributes":{"caption":"","public_domain":"no","image_url":""}},"019.jpeg6686":{"filename":"019.jpeg","size":6686,"regions":[{"shape_attributes":{"name":"polygon","all_points_x":[112,126,148,156,146,141,136,128,124,114,112],"all_points_y":[81,74,79,83,92,91,100,116,118,104,93]},"region_attributes":{"name":"not_defined","type":"unknown","image_quality":{"good":true,"frontal":true,"good_illumination":true}}}],"file_attributes":{"caption":"","public_domain":"no","image_url":""}},"020.jpeg5116":{"filename":"020.jpeg","size":5116,"regions":[{"shape_attributes":{"name":"polygon","all_points_x":[98,116,133,148,148,150,157,133,121,110,100,102,100,100],"all_points_y":[72,65,67,67,78,89,96,110,112,104,95,90,81,75]},"region_attributes":{"name":"not_defined","type":"unknown","image_quality":{"good":true,"frontal":true,"good_illumination":true}}}],"file_attributes":{"caption":"","public_domain":"no","image_url":""}},"021.jpeg6231":{"filename":"021.jpeg","size":6231,"regions":[{"shape_attributes":{"name":"polygon","all_points_x":[111,122,133,145,168,166,169,158,151,141,133,116],"all_points_y":[81,77,70,72,78,92,105,124,127,134,128,107]},"region_attributes":{"name":"not_defined","type":"unknown","image_quality":{"good":true,"frontal":true,"good_illumination":true}}}],"file_attributes":{"caption":"","public_domain":"no","image_url":""}},"022.jpeg7309":{"filename":"022.jpeg","size":7309,"regions":[{"shape_attributes":{"name":"polygon","all_points_x":[145,164,176,180,178,171,158,147,142,145],"all_points_y":[56,58,57,55,70,84,86,78,70,67]},"region_attributes":{"name":"not_defined","type":"unknown","image_quality":{"good":true,"frontal":true,"good_illumination":true}}}],"file_attributes":{"caption":"","public_domain":"no","image_url":""}},"023.jpeg8255":{"filename":"023.jpeg","size":8255,"regions":[{"shape_attributes":{"name":"polygon","all_points_x":[138,150,162,162,156,148,142,140],"all_points_y":[38,34,36,46,56,58,54,47]},"region_attributes":{"name":"not_defined","type":"unknown","image_quality":{"good":true,"frontal":true,"good_illumination":true}}}],"file_attributes":{"caption":"","public_domain":"no","image_url":""}},"024.jpeg5318":{"filename":"024.jpeg","size":5318,"regions":[{"shape_attributes":{"name":"polygon","all_points_x":[46,72,93,120,118,121,116,104,92,73,63,55,48,46,48,47],"all_points_y":[74,76,76,74,104,109,117,133,140,140,128,118,109,105,92,84]},"region_attributes":{"name":"not_defined","type":"unknown","image_quality":{"good":true,"frontal":true,"good_illumination":true}}}],"file_attributes":{"caption":"","public_domain":"no","image_url":""}},"025.jpeg6399":{"filename":"025.jpeg","size":6399,"regions":[{"shape_attributes":{"name":"polygon","all_points_x":[90,108,130,155,155,159,159,148,133,123,110,100,94,90,92],"all_points_y":[79,78,76,75,92,112,117,129,140,140,135,125,117,103,90]},"region_attributes":{"name":"not_defined","type":"unknown","image_quality":{"good":true,"frontal":true,"good_illumination":true}}}],"file_attributes":{"caption":"","public_domain":"no","image_url":""}},"026.jpeg5985":{"filename":"026.jpeg","size":5985,"regions":[{"shape_attributes":{"name":"polygon","all_points_x":[114,134,153,170,170,169,156,146,138,130,123,116,114],"all_points_y":[68,73,73,71,89,98,114,119,116,110,104,92,88]},"region_attributes":{"name":"not_defined","type":"unknown","image_quality":{"good":true,"frontal":true,"good_illumination":true}}}],"file_attributes":{"caption":"","public_domain":"no","image_url":""}},"027.jpeg6595":{"filename":"027.jpeg","size":6595,"regions":[{"shape_attributes":{"name":"polygon","all_points_x":[115,154,180,182,173,162,151,136,125,118,114,113],"all_points_y":[66,67,65,84,99,116,122,120,109,94,84,76]},"region_attributes":{"name":"not_defined","type":"unknown","image_quality":{"good":true,"frontal":true,"good_illumination":true}}}],"file_attributes":{"caption":"","public_domain":"no","image_url":""}},"028.jpeg6028":{"filename":"028.jpeg","size":6028,"regions":[{"shape_attributes":{"name":"polygon","all_points_x":[119,137,151,161,158,148,139,130,116,110,116,117],"all_points_y":[72,78,80,73,90,106,110,110,105,97,81,82]},"region_attributes":{"name":"not_defined","type":"unknown","image_quality":{"good":true,"frontal":true,"good_illumination":true}}}],"file_attributes":{"caption":"","public_domain":"no","image_url":""}},"029.jpeg6014":{"filename":"029.jpeg","size":6014,"regions":[{"shape_attributes":{"name":"polygon","all_points_x":[116,144,168,187,204,201,198,190,178,166,153,138,126,116,112,114],"all_points_y":[85,81,80,88,99,112,127,142,154,162,164,160,146,134,121,104]},"region_attributes":{"name":"not_defined","type":"unknown","image_quality":{"good":true,"frontal":true,"good_illumination":true}}}],"file_attributes":{"caption":"","public_domain":"no","image_url":""}},"030.jpeg5763":{"filename":"030.jpeg","size":5763,"regions":[{"shape_attributes":{"name":"polygon","all_points_x":[147,162,165,161,158,151,144,142,145],"all_points_y":[47,50,52,59,66,68,63,56,52]},"region_attributes":{"name":"not_defined","type":"unknown","image_quality":{"good":true,"frontal":true,"good_illumination":true}}}],"file_attributes":{"caption":"","public_domain":"no","image_url":""}},"031.jpeg14029":{"filename":"031.jpeg","size":14029,"regions":[{"shape_attributes":{"name":"polygon","all_points_x":[134,142,154,157,160,163,162,159,156,153,146,141,135],"all_points_y":[99,97,90,96,98,98,102,108,112,112,113,113,106]},"region_attributes":{"name":"not_defined","type":"unknown","image_quality":{"good":true,"frontal":true,"good_illumination":true}}}],"file_attributes":{"caption":"","public_domain":"no","image_url":""}},"032.jpeg5616":{"filename":"032.jpeg","size":5616,"regions":[{"shape_attributes":{"name":"polygon","all_points_x":[128,159,161,160,156,151,142,132,128,119,117,125,129,132,131,131],"all_points_y":[90,85,100,112,120,126,130,132,127,115,114,112,112,108,99,97]},"region_attributes":{"name":"not_defined","type":"unknown","image_quality":{"good":true,"frontal":true,"good_illumination":true}}}],"file_attributes":{"caption":"","public_domain":"no","image_url":""}},"033.jpeg7952":{"filename":"033.jpeg","size":7952,"regions":[{"shape_attributes":{"name":"polygon","all_points_x":[120,140,151,158,158,157,153,148,140,135,128,124,119,119,120],"all_points_y":[72,75,71,62,74,80,90,96,99,98,96,91,86,81,79]},"region_attributes":{"name":"not_defined","type":"unknown","image_quality":{"good":true,"frontal":true,"good_illumination":true}}}],"file_attributes":{"caption":"","public_domain":"no","image_url":""}},"034.jpeg6122":{"filename":"034.jpeg","size":6122,"regions":[{"shape_attributes":{"name":"polygon","all_points_x":[154,158,178,178,188,183,176,169,162,159,156],"all_points_y":[65,69,68,77,79,86,90,90,86,83,76]},"region_attributes":{"name":"not_defined","type":"unknown","image_quality":{"good":true,"frontal":true,"good_illumination":true}}}],"file_attributes":{"caption":"","public_domain":"no","image_url":""}},"035.jpeg8063":{"filename":"035.jpeg","size":8063,"regions":[{"shape_attributes":{"name":"polygon","all_points_x":[183,190,207,204,207,205,202,196,190,184],"all_points_y":[40,35,40,46,52,55,60,62,59,53]},"region_attributes":{"name":"not_defined","type":"unknown","image_quality":{"good":true,"frontal":true,"good_illumination":true}}}],"file_attributes":{"caption":"","public_domain":"no","image_url":""}},"036.jpeg7897":{"filename":"036.jpeg","size":7897,"regions":[{"shape_attributes":{"name":"polygon","all_points_x":[131,147,155,160,160,157,154,151,145,137,127,130],"all_points_y":[47,50,50,47,53,61,66,70,72,72,60,54]},"region_attributes":{"name":"not_defined","type":"unknown","image_quality":{"good":true,"frontal":true,"good_illumination":true}}}],"file_attributes":{"caption":"","public_domain":"no","image_url":""}},"037.jpeg5750":{"filename":"037.jpeg","size":5750,"regions":[{"shape_attributes":{"name":"polygon","all_points_x":[152,168,177,188,186,183,174,167,157,150,152],"all_points_y":[62,60,61,63,74,81,88,91,89,81,74]},"region_attributes":{"name":"not_defined","type":"unknown","image_quality":{"good":true,"frontal":true,"good_illumination":true}}}],"file_attributes":{"caption":"","public_domain":"no","image_url":""}},"038.jpeg7275":{"filename":"038.jpeg","size":7275,"regions":[{"shape_attributes":{"name":"polygon","all_points_x":[162,175,181,198,205,202,202,204,202,192,182,172,164,160],"all_points_y":[56,58,57,60,61,72,79,83,86,97,98,94,82,69]},"region_attributes":{"name":"not_defined","type":"unknown","image_quality":{"good":true,"frontal":true,"good_illumination":true}}}],"file_attributes":{"caption":"","public_domain":"no","image_url":""}},"039.jpeg7604":{"filename":"039.jpeg","size":7604,"regions":[{"shape_attributes":{"name":"polygon","all_points_x":[157,168,182,179,183,182,174,166,161,160],"all_points_y":[54,56,56,65,68,70,77,76,73,69]},"region_attributes":{"name":"not_defined","type":"unknown","image_quality":{"good":true,"frontal":true,"good_illumination":true}}}],"file_attributes":{"caption":"","public_domain":"no","image_url":""}},"040.jpeg6414":{"filename":"040.jpeg","size":6414,"regions":[{"shape_attributes":{"name":"polygon","all_points_x":[132,151,153,172,181,182,184,184,182,172,166,159,146,137,134,134,135],"all_points_y":[116,122,123,115,110,118,124,127,132,139,144,143,140,134,130,126,124]},"region_attributes":{"name":"not_defined","type":"unknown","image_quality":{"good":true,"frontal":true,"good_illumination":true}}}],"file_attributes":{"caption":"","public_domain":"no","image_url":""}},"041.jpeg5526":{"filename":"041.jpeg","size":5526,"regions":[{"shape_attributes":{"name":"polygon","all_points_x":[78,94,101,112,112,113,108,101,95,86,81,78,79,80],"all_points_y":[57,57,58,58,69,77,84,87,89,86,80,76,72,70]},"region_attributes":{"name":"not_defined","type":"unknown","image_quality":{"good":true,"frontal":true,"good_illumination":true}}}],"file_attributes":{"caption":"","public_domain":"no","image_url":""}},"042.jpeg6049":{"filename":"042.jpeg","size":6049,"regions":[{"shape_attributes":{"name":"polygon","all_points_x":[108,114,127,135,165,162,160,164,159,147,134,120,113,107,103,105],"all_points_y":[72,68,58,61,69,82,95,103,111,118,123,123,116,106,94,82]},"region_attributes":{"name":"not_defined","type":"unknown","image_quality":{"good":true,"frontal":true,"good_illumination":true}}}],"file_attributes":{"caption":"","public_domain":"no","image_url":""}},"043.jpeg7290":{"filename":"043.jpeg","size":7290,"regions":[{"shape_attributes":{"name":"polygon","all_points_x":[118,130,141,148,160,165,163,159,151,140,129,124,122],"all_points_y":[37,29,24,24,23,38,55,58,63,63,59,55,47]},"region_attributes":{"name":"not_defined","type":"unknown","image_quality":{"good":true,"frontal":true,"good_illumination":true}}}],"file_attributes":{"caption":"","public_domain":"no","image_url":""}},"044.jpeg6852":{"filename":"044.jpeg","size":6852,"regions":[{"shape_attributes":{"name":"polygon","all_points_x":[136,156,176,191,204,220,235,242,241,222,211,190,169,153,138,133],"all_points_y":[93,80,67,56,63,76,84,88,92,136,144,152,145,131,111,98]},"region_attributes":{"name":"not_defined","type":"unknown","image_quality":{"good":true,"frontal":true,"good_illumination":true}}}],"file_attributes":{"caption":"","public_domain":"no","image_url":""}},"045.jpeg4726":{"filename":"045.jpeg","size":4726,"regions":[{"shape_attributes":{"name":"polygon","all_points_x":[128,142,180,195,194,198,186,172,163,150,138,129,128,133,134,132],"all_points_y":[59,60,62,63,82,99,108,114,118,113,102,92,90,84,75,69]},"region_attributes":{"name":"not_defined","type":"unknown","image_quality":{"good":true,"frontal":true,"good_illumination":true}}}],"file_attributes":{"caption":"","public_domain":"no","image_url":""}},"046.jpeg6719":{"filename":"046.jpeg","size":6719,"regions":[{"shape_attributes":{"name":"polygon","all_points_x":[178,191,197,204,210,204,198,191,186,178,176,174,177],"all_points_y":[34,36,36,39,41,58,66,69,65,59,52,46,42]},"region_attributes":{"name":"not_defined","type":"unknown","image_quality":{"good":true,"frontal":true,"good_illumination":true}}}],"file_attributes":{"caption":"","public_domain":"no","image_url":""}},"047.jpeg6863":{"filename":"047.jpeg","size":6863,"regions":[{"shape_attributes":{"name":"polygon","all_points_x":[170,185,195,205,213,225,227,233,232,228,219,208,196,186,179,174,174],"all_points_y":[75,70,65,61,62,58,71,82,91,104,111,112,110,106,103,90,79]},"region_attributes":{"name":"not_defined","type":"unknown","image_quality":{"good":true,"frontal":true,"good_illumination":true}}}],"file_attributes":{"caption":"","public_domain":"no","image_url":""}},"048.jpeg6480":{"filename":"048.jpeg","size":6480,"regions":[{"shape_attributes":{"name":"polygon","all_points_x":[94,113,136,154,188,182,179,180,183,150,125,110,98,90,86,92,93],"all_points_y":[87,88,88,90,100,113,129,138,144,171,169,162,148,135,126,113,104]},"region_attributes":{"name":"not_defined","type":"unknown","image_quality":{"good":true,"frontal":true,"good_illumination":true}}}],"file_attributes":{"caption":"","public_domain":"no","image_url":""}},"049.jpeg6922":{"filename":"049.jpeg","size":6922,"regions":[{"shape_attributes":{"name":"polygon","all_points_x":[90,101,112,136,151,153,154,140,130,129,128,128,116,106,101,95],"all_points_y":[86,76,67,68,68,82,91,98,104,113,123,127,128,125,113,96]},"region_attributes":{"name":"not_defined","type":"unknown","image_quality":{"good":true,"frontal":true,"good_illumination":true}}}],"file_attributes":{"caption":"","public_domain":"no","image_url":""}},"050.jpeg6116":{"filename":"050.jpeg","size":6116,"regions":[{"shape_attributes":{"name":"polygon","all_points_x":[94,120,137,138,136,119,107,95,88,91,94],"all_points_y":[66,63,69,76,87,106,107,97,87,83,78]},"region_attributes":{"name":"not_defined","type":"unknown","image_quality":{"good":true,"frontal":true,"good_illumination":true}}}],"file_attributes":{"caption":"","public_domain":"no","image_url":""}},"051.jpeg11203":{"filename":"051.jpeg","size":11203,"regions":[{"shape_attributes":{"name":"polygon","all_points_x":[104,116,127,132,130,128,121,113,107,104,102,100],"all_points_y":[101,103,109,112,118,122,124,125,124,117,114,110]},"region_attributes":{"name":"not_defined","type":"unknown","image_quality":{"good":true,"frontal":true,"good_illumination":true}}}],"file_attributes":{"caption":"","public_domain":"no","image_url":""}},"052.jpeg6605":{"filename":"052.jpeg","size":6605,"regions":[{"shape_attributes":{"name":"polygon","all_points_x":[153,168,184,182,175,161,154,150,149],"all_points_y":[74,76,82,91,96,98,92,85,82]},"region_attributes":{"name":"not_defined","type":"unknown","image_quality":{"good":true,"frontal":true,"good_illumination":true}}}],"file_attributes":{"caption":"","public_domain":"no","image_url":""}},"053.jpeg6729":{"filename":"053.jpeg","size":6729,"regions":[{"shape_attributes":{"name":"polygon","all_points_x":[130,153,175,182,183,192,192,191,183,168,151,138,129,130,140,143,140],"all_points_y":[90,75,60,68,73,72,80,98,118,122,123,117,109,106,108,108,101]},"region_attributes":{"name":"not_defined","type":"unknown","image_quality":{"good":true,"frontal":true,"good_illumination":true}}}],"file_attributes":{"caption":"","public_domain":"no","image_url":""}},"054.jpeg9001":{"filename":"054.jpeg","size":9001,"regions":[{"shape_attributes":{"name":"polygon","all_points_x":[146,160,180,193,194,199,199,189,178,167,165,157,150,147,145],"all_points_y":[82,84,82,80,102,108,111,119,128,129,128,116,110,106,94]},"region_attributes":{"name":"not_defined","type":"unknown","image_quality":{"good":true,"frontal":true,"good_illumination":true}}}],"file_attributes":{"caption":"","public_domain":"no","image_url":""}},"055.jpeg8860":{"filename":"055.jpeg","size":8860,"regions":[{"shape_attributes":{"name":"polygon","all_points_x":[85,95,104,109,121,123,121,116,106,98,94,89,87,84,85],"all_points_y":[56,52,51,54,53,63,70,71,79,78,74,72,76,72,65]},"region_attributes":{"name":"not_defined","type":"unknown","image_quality":{"good":true,"frontal":true,"good_illumination":true}}}],"file_attributes":{"caption":"","public_domain":"no","image_url":""}},"056.jpeg12501":{"filename":"056.jpeg","size":12501,"regions":[{"shape_attributes":{"name":"polygon","all_points_x":[86,97,118,134,139,137,134,128,111,97,89],"all_points_y":[113,108,104,113,116,126,142,152,157,151,136]},"region_attributes":{"name":"not_defined","type":"unknown","image_quality":{"good":true,"frontal":true,"good_illumination":true}}}],"file_attributes":{"caption":"","public_domain":"no","image_url":""}},"057.png308739":{"filename":"057.png","size":308739,"regions":[{"shape_attributes":{"name":"polygon","all_points_x":[313,356,358,389,392,389,356,327,312,308,323,337,340,334],"all_points_y":[259,205,190,221,249,279,306,307,315,302,294,293,287,279]},"region_attributes":{"name":"not_defined","type":"unknown","image_quality":{"good":true,"frontal":true,"good_illumination":true}}}],"file_attributes":{"caption":"","public_domain":"no","image_url":""}},"058.png362571":{"filename":"058.png","size":362571,"regions":[{"shape_attributes":{"name":"polygon","all_points_x":[321,378,392,406,416,416,422,419,413,400,393,376,344,317,334,342,342,340],"all_points_y":[211,161,158,183,194,218,220,243,257,275,282,278,271,246,244,237,230,225]},"region_attributes":{"name":"not_defined","type":"unknown","image_quality":{"good":true,"frontal":true,"good_illumination":true}}}],"file_attributes":{"caption":"","public_domain":"no","image_url":""}},"059.png395265":{"filename":"059.png","size":395265,"regions":[{"shape_attributes":{"name":"polygon","all_points_x":[465,491,499,505,511,517,537,535,528,518,503,482,461,451,458,484,485,469,462],"all_points_y":[281,252,271,265,249,232,258,292,315,326,333,332,337,326,318,318,315,297,287]},"region_attributes":{"name":"not_defined","type":"unknown","image_quality":{"good":true,"frontal":true,"good_illumination":true}}}],"file_attributes":{"caption":"","public_domain":"no","image_url":""}},"060.png309220":{"filename":"060.png","size":309220,"regions":[{"shape_attributes":{"name":"polygon","all_points_x":[219,269,301,336,364,356,351,335,331,315,278,248,235,220,206,214,221],"all_points_y":[217,215,222,231,246,278,293,304,314,317,331,317,292,271,265,250,235]},"region_attributes":{"name":"not_defined","type":"unknown","image_quality":{"good":true,"frontal":true,"good_illumination":true}}}],"file_attributes":{"caption":"","public_domain":"no","image_url":""}}}